Order_ID,Distance_km,Weather,Traffic_Level,Time_of_Day,Vehicle_Type,Preparation_Time_min,Courier_Experience_yrs,Delivery_Time_min,Delivery_Time_Bin
522,7.93,Windy,Low,Afternoon,Scooter,12,1.0,43,30-60
738,16.42,Clear,Medium,Evening,Bike,20,2.0,84,60-90
741,9.52,Foggy,Low,Night,Scooter,28,1.0,59,30-60
661,7.44,Rainy,Medium,Afternoon,Scooter,5,1.0,37,30-60
412,19.03,Clear,Low,Morning,Bike,16,5.0,68,60-90
679,19.4,Clear,Low,Evening,Scooter,8,9.0,57,30-60
627,9.52,Clear,Low,Morning,Bike,12,1.0,49,30-60
514,17.39,Clear,Medium,Evening,Scooter,5,6.0,46,30-60
860,1.78,Snowy,Low,Evening,Car,20,6.0,35,30-60
137,10.62,Foggy,Low,Evening,Scooter,29,1.0,73,60-90
812,16.86,Snowy,Medium,Afternoon,Car,13,4.0,88,60-90
77,15.54,Clear,Low,Night,Bike,29,1.0,76,60-90
637,10.89,Clear,High,Night,Bike,12,5.0,53,30-60
974,4.69,Rainy,Medium,Evening,Scooter,12,7.0,36,30-60
939,2.8,Clear,High,Morning,Scooter,10,5.0,33,30-60
900,2.17,Snowy,Low,Evening,Car,15,3.0,35,30-60
281,17.86,Rainy,Low,Afternoon,Bike,5,1.0,50,30-60
884,2.53,Snowy,Low,Morning,Bike,6,8.0,24,<30
762,6.58,Foggy,Low,Evening,Car,6,7.0,27,<30
320,5.38,Clear,Medium,Evening,Scooter,26,1.0,47,30-60
550,15.56,Rainy,Low,Afternoon,Scooter,28,0.0,72,60-90
175,13.08,Rainy,Low,Morning,Car,16,4.0,58,30-60
372,0.86,Clear,High,Afternoon,Bike,26,5.0,37,30-60
528,5.83,Clear,High,Evening,Car,27,9.0,56,30-60
211,11.2,Clear,Medium,Morning,Bike,23,5.0,73,60-90
236,14.59,Clear,Medium,Morning,Bike,15,6.0,64,60-90
102,12.91,Windy,Medium,Evening,Bike,11,6.0,56,30-60
987,13.92,Snowy,Low,Morning,Scooter,18,4.0,70,60-90
903,4.04,Snowy,Low,Night,Bike,11,9.0,70,60-90
948,18.05,Clear,Medium,Evening,Scooter,10,7.0,116,
347,12.88,Clear,Medium,Morning,Scooter,8,5.0,52,30-60
140,19.45,Rainy,High,Morning,Scooter,20,6.0,108,>90
622,4.58,Clear,High,Morning,Scooter,22,9.0,45,30-60
500,19.73,Foggy,Medium,Evening,Bike,27,4.0,111,>90
371,2.47,Windy,Medium,Morning,Bike,27,2.0,44,30-60
199,17.8,Snowy,Medium,Morning,Bike,16,9.0,73,60-90
688,5.96,Clear,Medium,Afternoon,Bike,22,7.0,45,30-60
585,12.85,Windy,Medium,Afternoon,Scooter,18,7.0,61,60-90
902,1.02,Clear,Medium,Afternoon,Bike,25,4.0,34,30-60
60,6.84,Rainy,Medium,Night,Car,14,8.0,47,30-60
329,8.68,Rainy,Medium,Morning,Bike,8,5.0,52,30-60
97,10.69,Clear,Medium,Night,Bike,25,9.0,67,60-90
313,0.99,Clear,Medium,Evening,Bike,15,5.0,32,30-60
975,1.11,Clear,Low,Morning,Bike,5,6.0,8,<30
300,2.16,Snowy,Low,Evening,Scooter,15,0.0,36,30-60
278,13.17,Windy,Medium,Afternoon,Bike,16,4.0,67,60-90
925,8.79,Snowy,Low,Night,Bike,14,6.0,43,30-60
602,5.93,Clear,Low,Afternoon,Scooter,19,3.0,36,30-60
440,2.09,Rainy,Low,Night,Bike,23,2.0,36,30-60
838,7.57,Clear,Low,Morning,Bike,21,0.0,56,30-60
571,10.52,Rainy,Medium,Afternoon,Scooter,8,4.0,56,30-60
880,4.83,Rainy,Low,Morning,Car,25,9.0,47,30-60
262,19.81,Snowy,Medium,Afternoon,Car,20,5.0,104,>90
579,10.1,Rainy,Low,Evening,Car,8,4.0,50,30-60
24,7.64,Windy,Low,Afternoon,Car,10,8.0,31,30-60
31,12.35,Clear,Low,Morning,Scooter,10,6.0,35,30-60
618,5.9,Rainy,Low,Evening,Car,26,9.0,44,30-60
11,0.9,Clear,Low,Afternoon,Bike,20,8.0,23,<30
222,11.58,Clear,Medium,Morning,Scooter,16,2.0,61,60-90
821,16.16,Clear,High,Afternoon,Bike,11,1.0,82,60-90
297,15.51,Clear,Low,Evening,Bike,17,9.0,69,60-90
55,12.16,Windy,High,Evening,Scooter,11,0.0,69,60-90
543,4.96,Rainy,High,Morning,Bike,21,0.0,60,30-60
210,3.64,Windy,High,Evening,Bike,17,6.0,40,30-60
605,2.85,Clear,Low,Morning,Scooter,26,0.0,38,30-60
693,10.4,Clear,Low,Evening,Bike,16,4.0,52,30-60
663,12.31,Windy,Low,Morning,Bike,29,4.0,68,60-90
867,3.53,Clear,Medium,Afternoon,Bike,13,7.0,31,30-60
71,15.56,Clear,Medium,Evening,Bike,14,3.0,54,30-60
544,13.6,Clear,Medium,Afternoon,Bike,27,0.0,87,60-90
108,15.23,Snowy,High,Morning,Bike,5,0.0,62,60-90
494,4.17,Clear,Low,Evening,Scooter,5,1.0,22,<30
591,3.21,Rainy,High,Night,Scooter,16,0.0,42,30-60
742,6.38,Snowy,Low,Evening,Bike,16,1.0,111,>90
293,16.54,Rainy,Low,Afternoon,Scooter,6,7.0,51,30-60
290,12.02,Clear,Low,Morning,Car,9,7.0,41,30-60
653,11.94,Clear,Low,Evening,Bike,20,3.0,69,60-90
40,9.08,Clear,Low,Afternoon,Scooter,14,5.0,49,30-60
590,3.46,Snowy,Medium,Morning,Scooter,23,3.0,48,30-60
308,6.8,Foggy,Medium,Morning,Scooter,13,7.0,46,30-60
680,17.38,Rainy,Medium,Afternoon,Scooter,11,2.0,92,>90
67,3.25,Clear,Low,Morning,Bike,23,7.0,32,30-60
276,10.28,Clear,Medium,Evening,Scooter,29,3.0,71,60-90
68,16.14,Clear,Low,Night,Car,6,9.0,65,60-90
319,3.55,Clear,Medium,Evening,Bike,23,0.0,43,30-60
549,10.65,Clear,Medium,Afternoon,Scooter,23,8.0,58,30-60
999,19.03,Clear,Low,Afternoon,Car,26,5.0,68,60-90
715,7.3,Clear,Low,Night,Scooter,14,7.0,28,<30
754,7.03,Clear,Low,Evening,Scooter,21,1.0,44,30-60
328,12.43,Snowy,Low,Afternoon,Car,12,0.0,70,60-90
383,12.76,Windy,High,Morning,Scooter,27,5.0,74,60-90
452,11.39,Rainy,High,Evening,Scooter,14,1.0,72,60-90
523,19.41,Clear,Low,Morning,Car,7,3.0,48,30-60
219,13.17,Rainy,High,Evening,Scooter,17,8.0,69,60-90
788,8.32,Rainy,Low,Afternoon,Car,12,2.0,49,30-60
437,1.92,Clear,Low,Morning,Bike,8,7.0,14,<30
765,1.15,Clear,Low,Afternoon,Scooter,26,4.0,30,<30
89,17.8,Windy,High,Afternoon,Car,12,9.0,73,60-90
64,7.46,Clear,Medium,Evening,Bike,8,5.0,42,30-60
827,7.25,Clear,Medium,Afternoon,Scooter,18,4.0,45,30-60
717,16.7,Clear,Medium,Afternoon,Scooter,28,1.0,76,60-90
352,17.2,Rainy,High,Afternoon,Scooter,14,2.0,94,>90
937,0.86,Clear,Medium,Afternoon,Car,21,7.0,28,<30
257,18.76,Clear,Medium,Evening,Car,15,2.0,80,60-90
636,9.22,Clear,Medium,Afternoon,Car,18,9.0,57,30-60
645,2.84,Clear,Low,Evening,Scooter,24,2.0,35,30-60
555,17.59,Clear,Low,Morning,Bike,24,6.0,69,60-90
960,14.89,Snowy,High,Morning,Scooter,17,6.0,87,60-90
169,1.3,Clear,Medium,Evening,Bike,22,4.0,31,30-60
918,18.99,Rainy,High,Afternoon,Bike,10,6.0,70,60-90
529,1.6,Foggy,Low,Night,Scooter,24,5.0,37,30-60
824,8.26,Snowy,Low,Afternoon,Bike,15,1.0,57,30-60
986,10.16,Clear,High,Night,Bike,12,5.0,52,30-60
817,12.03,Clear,Medium,Morning,Car,20,5.0,65,60-90
87,14.73,Rainy,Low,Afternoon,Bike,24,6.0,74,60-90
433,12.56,Clear,High,Evening,Bike,17,5.0,69,60-90
185,5.53,Clear,Medium,Afternoon,Bike,19,1.0,44,30-60
979,10.18,Foggy,Medium,Morning,Bike,25,3.0,73,60-90
535,15.5,Clear,Medium,Morning,Scooter,28,9.0,91,>90
295,2.98,Foggy,Medium,Night,Bike,11,2.0,27,<30
893,16.69,Foggy,Medium,Evening,Scooter,8,2.0,65,60-90
426,11.22,Windy,High,Evening,Bike,25,5.0,79,60-90
714,8.53,Clear,Low,Evening,Scooter,8,2.0,41,30-60
261,12.49,Clear,Medium,Morning,Bike,25,4.0,77,60-90
238,0.97,Clear,Low,Night,Scooter,24,8.0,26,<30
560,12.6,Windy,Medium,Afternoon,Car,8,6.0,58,30-60
584,6.91,Clear,Medium,Evening,Scooter,28,9.0,56,30-60
446,18.97,Clear,Low,Evening,Car,25,4.0,116,
868,4.05,Clear,Medium,Evening,Bike,20,5.0,44,30-60
801,14.29,Windy,Medium,Morning,Bike,14,7.0,78,60-90
600,1.3,Foggy,Low,Evening,Bike,19,5.0,29,<30
850,12.11,Rainy,Low,Morning,Bike,9,5.0,59,30-60
266,14.94,Clear,Medium,Morning,Bike,11,0.0,62,60-90
996,2.29,Rainy,High,Afternoon,Car,8,8.0,80,60-90
530,17.36,Rainy,High,Afternoon,Bike,24,1.0,105,>90
56,18.48,Clear,Medium,Night,Bike,8,0.0,82,60-90
121,16.25,Foggy,High,Morning,Bike,10,5.0,91,>90
216,5.13,Clear,Low,Morning,Car,15,4.0,30,<30
26,15.81,Clear,Low,Morning,Car,25,1.0,92,>90
73,0.61,Clear,Low,Afternoon,Scooter,10,0.0,16,<30
45,5.55,Foggy,High,Evening,Bike,18,1.0,116,>90
248,19.35,Clear,High,Morning,Bike,12,7.0,75,60-90
722,4.03,Clear,Medium,Evening,Bike,9,5.0,25,<30
282,7.09,Snowy,Low,Morning,Scooter,13,8.0,37,30-60
894,8.25,Clear,Medium,Afternoon,Bike,7,9.0,28,<30
915,11.26,Clear,Low,Night,Bike,5,6.0,49,30-60
811,19.7,Rainy,Low,Evening,Bike,10,2.0,60,30-60
245,0.8,Snowy,High,Evening,Bike,14,9.0,36,30-60
823,7.0,Rainy,Medium,Evening,Bike,17,9.0,49,30-60
322,14.43,Clear,Medium,Morning,Car,14,4.0,113,>90
644,6.89,Rainy,Medium,Afternoon,Bike,11,6.0,43,30-60
159,5.13,Foggy,Medium,Evening,Car,25,1.0,60,30-60
978,1.5,Clear,Low,Afternoon,Bike,10,1.0,17,<30
430,2.78,Clear,High,Afternoon,Scooter,9,0.0,41,30-60
942,11.31,Clear,Medium,Evening,Bike,7,0.0,54,30-60
463,15.05,Clear,Medium,Evening,Car,12,2.0,66,60-90
310,5.78,Foggy,Low,Afternoon,Scooter,9,9.0,33,30-60
698,11.83,Clear,Low,Evening,Scooter,9,7.0,32,30-60
61,8.08,Foggy,Low,Morning,Bike,25,2.0,61,60-90
885,16.1,Clear,Low,Evening,Bike,25,0.0,64,60-90
596,9.74,Rainy,Medium,Evening,Scooter,7,8.0,37,30-60
768,17.6,Clear,Low,Afternoon,Bike,27,3.0,69,60-90
650,10.22,Snowy,Medium,Night,Bike,18,1.0,68,60-90
651,2.19,Clear,Low,Evening,Bike,26,3.0,32,30-60
866,11.41,Windy,Medium,Afternoon,Scooter,17,4.0,68,60-90
669,4.14,Clear,Medium,Morning,Scooter,14,2.0,30,<30
299,12.65,Rainy,Low,Afternoon,Bike,18,8.0,60,30-60
690,4.15,Clear,Medium,Morning,Car,17,8.0,46,30-60
315,16.8,Clear,High,Morning,Car,19,4.0,85,60-90
311,9.06,Clear,Medium,Evening,Bike,23,4.0,47,30-60
362,13.04,Clear,Medium,Morning,Scooter,20,6.0,65,60-90
480,10.7,Clear,Medium,Afternoon,Scooter,8,5.0,44,30-60
111,6.15,Foggy,Low,Evening,Scooter,26,5.0,48,30-60
990,16.47,Snowy,High,Evening,Scooter,20,9.0,75,60-90
487,1.39,Clear,Medium,Afternoon,Bike,15,4.0,24,<30
364,11.14,Rainy,Medium,Morning,Scooter,7,3.0,47,30-60
255,3.81,Rainy,High,Afternoon,Bike,5,6.0,31,30-60
260,2.39,Rainy,Medium,Evening,Bike,27,7.0,43,30-60
803,11.74,Clear,High,Evening,Car,6,3.0,54,30-60
678,8.26,Clear,Low,Morning,Car,21,4.0,80,60-90
495,9.54,Rainy,Medium,Evening,Scooter,11,5.0,47,30-60
671,3.88,Clear,Medium,Morning,Bike,16,2.0,35,30-60
378,0.95,Rainy,Medium,Morning,Car,27,0.0,44,30-60
527,8.59,Clear,Low,Night,Scooter,17,8.0,36,30-60
846,8.59,Clear,Low,Evening,Bike,22,2.0,43,30-60
138,14.21,Clear,Medium,Evening,Bike,24,5.0,58,30-60
356,13.03,Foggy,Low,Morning,Scooter,9,1.0,50,30-60
366,8.03,Clear,Low,Evening,Scooter,14,8.0,42,30-60
943,13.2,Snowy,Low,Morning,Car,14,3.0,62,60-90
750,12.67,Clear,Medium,Evening,Car,10,3.0,65,60-90
949,17.54,Clear,Medium,Morning,Car,16,8.0,54,30-60
830,9.32,Clear,Low,Morning,Scooter,6,5.0,30,<30
657,6.03,Rainy,High,Afternoon,Car,8,6.0,46,30-60
200,15.71,Clear,Low,Afternoon,Scooter,28,5.0,69,60-90
214,4.87,Snowy,High,Evening,Bike,16,7.0,54,30-60
409,18.15,Rainy,High,Morning,Bike,22,7.0,108,>90
333,0.78,Clear,Medium,Morning,Bike,6,1.0,17,<30
209,0.6,Clear,Low,Afternoon,Bike,26,3.0,30,<30
614,2.09,Clear,Medium,Evening,Bike,5,5.0,16,<30
79,7.49,Clear,Medium,Morning,Scooter,13,9.0,45,30-60
30,1.41,Foggy,Medium,Evening,Bike,15,0.0,72,60-90
536,18.92,Clear,High,Morning,Scooter,27,4.0,100,>90
696,12.41,Clear,Medium,Morning,Car,10,1.0,51,30-60
558,1.06,Clear,Low,Afternoon,Scooter,19,6.0,21,<30
837,18.34,Clear,High,Night,Bike,9,4.0,92,>90
597,13.52,Clear,Low,Morning,Scooter,27,1.0,82,60-90
166,16.79,Foggy,High,Afternoon,Bike,24,6.0,85,60-90
919,15.39,Clear,Medium,Evening,Scooter,24,5.0,89,60-90
496,7.39,Rainy,Medium,Morning,Scooter,25,6.0,60,30-60
825,10.98,Rainy,Low,Morning,Scooter,10,6.0,55,30-60
66,11.08,Snowy,Medium,Morning,Bike,9,0.0,57,30-60
142,5.41,Clear,Medium,Night,Bike,14,5.0,36,30-60
926,0.94,Clear,High,Morning,Bike,9,6.0,21,<30
828,7.27,Windy,Low,Afternoon,Bike,10,5.0,35,30-60
656,2.99,Windy,Medium,Morning,Bike,27,5.0,41,30-60
332,15.28,Snowy,Low,Evening,Bike,16,5.0,72,60-90
665,2.48,Windy,Medium,Afternoon,Car,14,6.0,27,<30
250,17.13,Rainy,Low,Evening,Car,19,1.0,71,60-90
908,7.17,Clear,Low,Afternoon,Bike,15,7.0,32,30-60
709,5.47,Rainy,Low,Morning,Car,21,6.0,38,30-60
306,19.53,Foggy,Low,Afternoon,Bike,11,6.0,87,60-90
735,7.5,Clear,High,Morning,Bike,29,1.0,66,60-90
976,5.61,Windy,Low,Night,Bike,25,9.0,48,30-60
50,4.1,Clear,Low,Morning,Bike,21,3.0,37,30-60
897,6.22,Rainy,Medium,Morning,Bike,15,0.0,49,30-60
3,14.77,Clear,High,Morning,Scooter,11,6.0,67,60-90
545,12.55,Windy,Low,Evening,Bike,13,8.0,51,30-60
351,10.31,Foggy,Medium,Morning,Scooter,19,5.0,62,60-90
905,8.72,Snowy,Medium,Evening,Car,18,7.0,64,60-90
537,17.07,Clear,Medium,Morning,Bike,20,6.0,73,60-90
345,8.27,Clear,High,Afternoon,Scooter,13,5.0,58,30-60
995,7.54,Snowy,Low,Afternoon,Bike,20,5.0,55,30-60
482,14.07,Clear,High,Afternoon,Bike,5,8.0,67,60-90
576,19.02,Clear,Medium,Afternoon,Bike,29,9.0,87,60-90
34,19.0,Clear,High,Morning,Car,28,3.0,96,>90
32,3.83,Rainy,Medium,Afternoon,Bike,12,9.0,30,<30
232,10.3,Clear,Low,Evening,Scooter,19,8.0,48,30-60
964,8.09,Clear,High,Afternoon,Scooter,15,4.0,51,30-60
193,18.06,Clear,Medium,Night,Bike,9,8.0,52,30-60
334,2.76,Windy,Medium,Morning,Scooter,8,5.0,22,<30
4,12.17,Snowy,Low,Evening,Bike,20,8.0,68,60-90
205,12.33,Clear,Medium,Evening,Bike,22,9.0,75,60-90
515,1.38,Clear,Medium,Evening,Scooter,5,8.0,13,<30
800,18.49,Clear,Low,Afternoon,Scooter,14,6.0,71,60-90
307,10.57,Snowy,Low,Afternoon,Bike,28,9.0,59,30-60
110,2.0,Clear,High,Evening,Scooter,10,2.0,30,<30
431,3.29,Clear,Medium,Afternoon,Scooter,17,4.0,32,30-60
78,1.94,Rainy,Medium,Morning,Bike,16,0.0,35,30-60
85,6.56,Windy,Medium,Morning,Bike,14,1.0,47,30-60
287,9.58,Clear,High,Afternoon,Car,26,8.0,60,30-60
83,6.95,Clear,Medium,Morning,Scooter,25,2.0,58,30-60
992,14.05,Clear,High,Morning,Scooter,19,0.0,72,60-90
790,18.97,Rainy,High,Night,Bike,20,8.0,108,>90
895,13.53,Rainy,Low,Evening,Bike,28,8.0,78,60-90
399,15.14,Rainy,Medium,Morning,Bike,8,6.0,66,60-90
324,5.96,Clear,Low,Afternoon,Bike,26,6.0,48,30-60
520,3.43,Windy,Medium,Morning,Bike,7,6.0,23,<30
917,6.24,Clear,Medium,Evening,Bike,15,3.0,52,30-60
923,17.94,Rainy,High,Evening,Scooter,22,6.0,85,60-90
6,3.54,Rainy,Medium,Evening,Bike,10,5.0,32,30-60
732,16.38,Rainy,Medium,Night,Bike,7,5.0,90,60-90
466,7.81,Clear,Low,Evening,Bike,11,4.0,42,30-60
98,8.84,Clear,Medium,Morning,Bike,26,0.0,57,30-60
267,14.09,Clear,Medium,Afternoon,Scooter,12,3.0,55,30-60
358,11.92,Clear,Low,Afternoon,Scooter,14,4.0,46,30-60
869,17.3,Clear,Low,Evening,Scooter,9,0.0,67,60-90
799,14.08,Clear,High,Morning,Bike,28,6.0,66,60-90
381,2.8,Clear,High,Afternoon,Bike,28,1.0,50,30-60
632,17.96,Clear,Medium,Morning,Bike,22,2.0,76,60-90
382,14.09,Clear,High,Afternoon,Bike,12,6.0,67,60-90
491,9.39,Clear,Low,Morning,Bike,14,2.0,37,30-60
119,17.9,Clear,Low,Morning,Bike,23,5.0,85,60-90
901,4.55,Rainy,Low,Afternoon,Bike,5,6.0,21,<30
251,6.24,Snowy,Low,Afternoon,Bike,20,4.0,51,30-60
524,16.92,Clear,Low,Morning,Scooter,29,0.0,70,60-90
10,14.31,Clear,Medium,Morning,Bike,9,8.0,47,30-60
197,14.66,Windy,Medium,Morning,Bike,20,2.0,77,60-90
604,2.23,Clear,Low,Morning,Bike,7,6.0,14,<30
82,12.65,Clear,Low,Evening,Bike,15,4.0,66,60-90
784,7.24,Rainy,Medium,Evening,Bike,28,6.0,65,60-90
588,3.01,Clear,Medium,Evening,Bike,14,4.0,26,<30
798,11.52,Clear,Medium,Morning,Scooter,25,2.0,58,30-60
240,3.95,Clear,Low,Afternoon,Bike,13,5.0,25,<30
291,1.09,Clear,Medium,Morning,Scooter,6,2.0,17,<30
212,13.99,Clear,High,Evening,Scooter,7,3.0,96,>90
718,19.32,Rainy,High,Morning,Car,21,7.0,112,>90
360,11.72,Rainy,Low,Evening,Bike,11,9.0,42,30-60
450,2.13,Rainy,Low,Morning,Scooter,9,2.0,22,<30
228,8.17,Clear,Medium,Afternoon,Scooter,20,9.0,44,30-60
951,12.21,Clear,High,Morning,Bike,9,4.0,57,30-60
947,3.17,Clear,Medium,Evening,Scooter,17,6.0,33,30-60
797,18.68,Snowy,Low,Afternoon,Bike,11,8.0,62,60-90
502,10.95,Clear,Medium,Evening,Scooter,24,4.0,55,30-60
465,19.26,Windy,Medium,Morning,Scooter,21,6.0,67,60-90
363,9.44,Rainy,Medium,Evening,Scooter,28,8.0,63,60-90
469,4.86,Foggy,Medium,Evening,Car,25,4.0,52,30-60
936,5.81,Foggy,Low,Afternoon,Bike,25,8.0,51,30-60
429,7.34,Rainy,Low,Evening,Bike,22,8.0,47,30-60
8,17.39,Foggy,Medium,Morning,Bike,25,4.0,100,>90
156,5.22,Snowy,Low,Evening,Bike,11,9.0,40,30-60
542,12.32,Clear,Medium,Evening,Scooter,17,4.0,71,60-90
441,2.15,Windy,Medium,Afternoon,Car,17,6.0,30,<30
483,9.36,Rainy,High,Morning,Scooter,17,2.0,65,60-90
423,2.28,Clear,Medium,Evening,Scooter,27,9.0,39,30-60
779,14.54,Clear,Medium,Evening,Bike,29,2.0,73,60-90
950,12.15,Clear,High,Morning,Car,12,6.0,63,60-90
335,1.4,Windy,Low,Evening,Bike,9,9.0,17,<30
577,3.37,Clear,High,Morning,Bike,9,5.0,28,<30
935,3.85,Rainy,Medium,Afternoon,Bike,26,3.0,46,30-60
568,9.03,Clear,Low,Morning,Bike,11,5.0,43,30-60
595,17.99,Snowy,Low,Afternoon,Bike,15,3.0,63,60-90
531,16.35,Clear,Medium,Morning,Bike,16,0.0,66,60-90
582,19.61,Clear,High,Evening,Bike,8,6.0,72,60-90
708,16.29,Clear,Low,Morning,Bike,20,1.0,72,60-90
449,7.84,Windy,Low,Afternoon,Bike,6,4.0,28,<30
454,18.17,Rainy,Low,Afternoon,Car,13,0.0,71,60-90
229,17.89,Windy,Low,Morning,Bike,27,1.0,101,>90
353,13.34,Clear,Medium,Night,Bike,20,6.0,53,30-60
729,4.43,Foggy,Low,Morning,Scooter,10,1.0,63,60-90
213,13.21,Clear,Medium,Morning,Scooter,12,4.0,63,60-90
80,2.76,Windy,Medium,Night,Bike,6,2.0,27,<30
149,1.5,Foggy,Medium,Evening,Scooter,15,4.0,32,30-60
303,11.04,Clear,Medium,Afternoon,Scooter,8,2.0,54,30-60
629,1.22,Clear,Medium,Evening,Scooter,6,5.0,14,<30
778,14.58,Clear,Low,Afternoon,Bike,13,5.0,57,30-60
507,18.26,Rainy,High,Night,Scooter,28,7.0,93,>90
343,3.88,Foggy,Low,Evening,Car,27,9.0,42,30-60
486,18.07,Clear,High,Afternoon,Scooter,5,2.0,67,60-90
712,12.11,Clear,Medium,Evening,Bike,28,0.0,75,60-90
134,7.08,Clear,Medium,Afternoon,Scooter,5,8.0,27,<30
704,3.12,Rainy,Low,Evening,Scooter,14,5.0,28,<30
312,2.03,Foggy,High,Evening,Car,14,4.0,36,30-60
723,1.8,Clear,Medium,Night,Bike,14,1.0,28,<30
630,5.42,Clear,Low,Evening,Scooter,11,9.0,26,<30
1,7.8,Clear,Low,Evening,Scooter,23,5.0,52,30-60
317,8.47,Rainy,Low,Afternoon,Scooter,19,0.0,48,30-60
707,6.79,Rainy,Low,Evening,Scooter,16,1.0,39,30-60
548,13.6,Rainy,Medium,Afternoon,Scooter,23,6.0,83,60-90
873,13.06,Rainy,High,Morning,Bike,17,8.0,59,30-60
533,19.93,Snowy,Low,Afternoon,Bike,6,6.0,59,30-60
478,11.3,Snowy,Medium,Afternoon,Bike,15,8.0,70,60-90
405,6.74,Rainy,Medium,Evening,Car,21,9.0,47,30-60
173,10.49,Rainy,Low,Morning,Bike,28,9.0,66,60-90
126,8.83,Clear,Medium,Evening,Scooter,12,3.0,109,>90
395,7.15,Clear,High,Night,Car,29,7.0,60,30-60
421,15.94,Clear,Low,Evening,Bike,24,2.0,77,60-90
553,11.26,Foggy,High,Afternoon,Bike,14,2.0,70,60-90
904,11.87,Clear,Medium,Morning,Bike,10,6.0,43,30-60
91,2.83,Windy,Medium,Afternoon,Scooter,14,6.0,28,<30
940,11.74,Clear,Low,Afternoon,Car,20,1.0,52,30-60
182,2.71,Clear,Low,Morning,Scooter,6,1.0,20,<30
275,10.47,Clear,High,Evening,Scooter,14,7.0,55,30-60
896,4.5,Snowy,High,Evening,Bike,24,0.0,66,60-90
70,19.74,Clear,Low,Morning,Car,21,7.0,71,60-90
292,1.23,Clear,Low,Evening,Bike,18,6.0,21,<30
132,4.83,Clear,Low,Evening,Bike,11,1.0,29,<30
301,1.51,Clear,High,Afternoon,Bike,14,2.0,32,30-60
425,1.62,Windy,Low,Evening,Bike,9,8.0,16,<30
327,11.31,Clear,High,Evening,Bike,20,0.0,67,60-90
145,6.05,Clear,Medium,Morning,Car,24,0.0,48,30-60
424,10.14,Clear,Medium,Morning,Scooter,20,1.0,59,30-60
581,9.45,Clear,Low,Afternoon,Car,13,0.0,49,30-60
136,6.8,Clear,High,Evening,Bike,28,5.0,55,30-60
451,15.65,Clear,Low,Afternoon,Bike,27,0.0,76,60-90
165,2.26,Clear,Medium,Morning,Scooter,6,3.0,19,<30
29,12.05,Clear,Low,Evening,Scooter,29,4.0,61,60-90
774,8.25,Windy,Medium,Evening,Car,24,4.0,62,60-90
194,12.85,Rainy,Medium,Afternoon,Scooter,23,0.0,80,60-90
389,15.14,Windy,Medium,Morning,Bike,15,4.0,71,60-90
853,4.59,Foggy,Low,Evening,Scooter,19,8.0,36,30-60
170,12.02,Clear,Low,Afternoon,Bike,26,0.0,63,60-90
706,19.8,Clear,High,Evening,Bike,7,3.0,88,60-90
141,19.27,Foggy,High,Afternoon,Bike,14,6.0,92,>90
174,4.92,Clear,High,Morning,Scooter,12,0.0,41,30-60
7,1.63,Rainy,Medium,Night,Bike,24,5.0,38,30-60
746,18.04,Clear,Medium,Morning,Bike,8,5.0,71,60-90
479,19.4,Snowy,Medium,Afternoon,Scooter,23,9.0,92,>90
74,16.4,Clear,High,Morning,Scooter,12,2.0,70,60-90
911,12.01,Clear,Low,Morning,Car,5,7.0,42,30-60
814,18.46,Clear,Medium,Morning,Scooter,29,1.0,116,
239,13.09,Windy,Low,Morning,Scooter,17,1.0,69,60-90
146,1.22,Foggy,High,Afternoon,Scooter,14,2.0,38,30-60
793,10.36,Rainy,Medium,Afternoon,Bike,7,8.0,39,30-60
235,4.31,Rainy,Medium,Afternoon,Bike,9,2.0,35,30-60
221,13.32,Windy,Medium,Afternoon,Bike,26,0.0,71,60-90
924,16.1,Clear,Low,Morning,Car,16,6.0,61,60-90
501,14.11,Rainy,High,Morning,Scooter,24,3.0,93,>90
133,2.84,Clear,Medium,Night,Scooter,28,1.0,44,30-60
991,16.09,Snowy,Low,Morning,Car,13,6.0,69,60-90
775,16.05,Snowy,Medium,Evening,Bike,11,2.0,89,60-90
186,13.37,Windy,High,Afternoon,Scooter,17,8.0,63,60-90
42,10.16,Snowy,Medium,Night,Bike,10,1.0,67,60-90
697,6.13,Clear,Medium,Night,Scooter,22,0.0,48,30-60
109,4.96,Rainy,Low,Afternoon,Car,10,7.0,28,<30
589,3.0,Clear,Low,Morning,Scooter,29,1.0,43,30-60
57,2.23,Snowy,Medium,Evening,Car,14,0.0,41,30-60
406,17.96,Clear,Medium,Evening,Scooter,26,0.0,74,60-90
443,7.8,Rainy,Medium,Morning,Bike,11,7.0,49,30-60
758,10.9,Clear,High,Afternoon,Scooter,6,8.0,47,30-60
998,3.17,Clear,Low,Afternoon,Bike,17,1.0,28,<30
25,9.39,Windy,Medium,Morning,Scooter,21,9.0,50,30-60
468,17.44,Clear,Low,Evening,Bike,25,9.0,89,60-90
540,3.02,Rainy,Medium,Morning,Bike,23,1.0,46,30-60
532,19.99,Rainy,High,Evening,Bike,17,1.0,112,>90
619,16.22,Rainy,High,Evening,Bike,22,0.0,102,>90
695,2.74,Clear,High,Afternoon,Bike,18,9.0,37,30-60
927,5.74,Rainy,High,Evening,Bike,13,9.0,46,30-60
339,9.75,Clear,Low,Afternoon,Bike,22,7.0,50,30-60
52,15.62,Rainy,Medium,Afternoon,Scooter,23,7.0,78,60-90
508,16.54,Rainy,Medium,Afternoon,Bike,25,7.0,77,60-90
517,7.84,Rainy,Low,Morning,Scooter,7,8.0,36,30-60
921,17.44,Clear,Low,Night,Car,23,0.0,85,60-90
782,11.08,Windy,High,Afternoon,Bike,16,6.0,70,60-90
265,17.61,Clear,Medium,Evening,Scooter,21,9.0,79,60-90
818,8.28,Snowy,Low,Evening,Car,29,7.0,58,30-60
711,15.32,Clear,Medium,Morning,Bike,17,6.0,80,60-90
683,3.83,Rainy,Low,Evening,Car,27,3.0,49,30-60
833,3.25,Rainy,Medium,Evening,Scooter,29,0.0,51,30-60
519,19.75,Clear,Medium,Morning,Bike,25,1.0,103,>90
448,15.19,Foggy,Low,Evening,Scooter,6,4.0,53,30-60
19,8.92,Windy,Medium,Morning,Bike,25,4.0,62,60-90
716,18.63,Windy,Low,Afternoon,Bike,11,5.0,85,60-90
484,12.74,Clear,Low,Night,Scooter,18,0.0,67,60-90
569,18.13,Rainy,High,Evening,Bike,21,2.0,88,60-90
434,2.47,Rainy,Low,Afternoon,Car,22,6.0,34,30-60
368,18.15,Windy,Medium,Morning,Bike,11,2.0,89,60-90
84,1.74,Foggy,High,Afternoon,Scooter,8,9.0,28,<30
62,5.79,Windy,Medium,Morning,Bike,26,6.0,49,30-60
639,5.75,Windy,High,Morning,Scooter,7,4.0,37,30-60
273,17.41,Snowy,Medium,Evening,Bike,20,4.0,80,60-90
286,1.2,Rainy,Low,Morning,Scooter,24,7.0,33,30-60
361,8.07,Windy,Low,Evening,Bike,21,4.0,48,30-60
355,1.88,Clear,Medium,Morning,Scooter,24,7.0,35,30-60
457,0.72,Rainy,Medium,Afternoon,Scooter,9,2.0,23,<30
279,14.19,Clear,Medium,Afternoon,Bike,9,1.0,57,30-60
13,16.73,Windy,High,Afternoon,Scooter,9,7.0,71,60-90
183,18.53,Rainy,Low,Afternoon,Scooter,8,8.0,57,30-60
369,4.32,Clear,Low,Morning,Bike,21,9.0,34,30-60
882,13.6,Foggy,High,Evening,Bike,9,7.0,61,60-90
616,18.46,Rainy,Low,Morning,Bike,19,9.0,94,>90
224,7.67,Windy,Low,Morning,Car,9,2.0,31,30-60
573,8.23,Snowy,Low,Evening,Bike,17,3.0,56,30-60
971,13.44,Clear,Low,Night,Bike,29,0.0,63,60-90
654,15.04,Clear,Low,Morning,Car,24,5.0,60,30-60
546,7.48,Clear,Medium,Morning,Car,21,4.0,52,30-60
583,10.11,Rainy,Medium,Afternoon,Scooter,23,2.0,63,60-90
634,10.88,Snowy,Low,Afternoon,Car,13,3.0,52,30-60
177,13.97,Snowy,Low,Evening,Scooter,14,8.0,52,30-60
666,3.48,Foggy,Low,Afternoon,Scooter,9,1.0,31,30-60
674,10.73,Foggy,Low,Morning,Bike,6,6.0,35,30-60
586,5.18,Clear,Medium,Afternoon,Car,9,2.0,30,<30
874,8.47,Foggy,Medium,Evening,Bike,24,0.0,68,60-90
394,15.64,Rainy,Low,Morning,Bike,20,4.0,116,
164,10.95,Snowy,Medium,Afternoon,Bike,9,1.0,65,60-90
249,19.29,Windy,Medium,Evening,Scooter,7,8.0,84,60-90
635,2.59,Windy,Medium,Morning,Bike,13,5.0,28,<30
886,3.98,Clear,High,Night,Car,19,3.0,41,30-60
670,6.06,Foggy,Low,Afternoon,Scooter,10,8.0,41,30-60
376,6.72,Foggy,Low,Evening,Bike,8,5.0,31,30-60
413,19.04,Clear,Medium,Morning,Scooter,27,2.0,85,60-90
75,14.28,Windy,High,Afternoon,Scooter,23,5.0,77,60-90
114,16.26,Rainy,High,Morning,Bike,16,6.0,70,60-90
599,4.25,Clear,Low,Afternoon,Bike,5,4.0,22,<30
962,12.26,Clear,Low,Afternoon,Bike,20,2.0,66,60-90
391,19.81,Clear,Low,Afternoon,Bike,27,1.0,74,60-90
105,18.2,Windy,Medium,Morning,Bike,27,1.0,108,>90
115,12.85,Rainy,Medium,Morning,Scooter,14,8.0,73,60-90
418,6.91,Clear,Low,Evening,Bike,27,8.0,91,>90
526,9.64,Clear,Low,Morning,Bike,10,5.0,46,30-60
458,9.64,Rainy,Medium,Evening,Bike,14,6.0,52,30-60
410,2.28,Foggy,Medium,Morning,Scooter,27,6.0,44,30-60
93,15.34,Rainy,Low,Afternoon,Bike,18,6.0,54,30-60
931,3.22,Rainy,Medium,Night,Bike,14,8.0,34,30-60
90,9.71,Clear,Low,Morning,Bike,8,1.0,49,30-60
337,17.18,Clear,Medium,Night,Scooter,13,1.0,62,60-90
989,5.3,Clear,Medium,Afternoon,Scooter,29,3.0,47,30-60
922,10.0,Clear,Medium,Afternoon,Scooter,6,9.0,47,30-60
934,10.75,Rainy,Medium,Morning,Bike,8,6.0,60,30-60
606,9.49,Rainy,Medium,Morning,Car,23,6.0,53,30-60
594,7.24,Clear,Medium,Afternoon,Bike,28,7.0,57,30-60
612,16.09,Rainy,Low,Morning,Bike,21,8.0,66,60-90
95,15.53,Clear,Low,Morning,Bike,26,6.0,83,60-90
12,19.41,Windy,Low,Morning,Bike,11,8.0,62,60-90
397,17.24,Clear,Low,Evening,Bike,17,5.0,69,60-90
534,11.33,Clear,Low,Morning,Bike,25,3.0,60,30-60
44,18.23,Rainy,Low,Afternoon,Scooter,27,9.0,86,60-90
43,1.17,Clear,Medium,Morning,Bike,16,9.0,25,<30
330,5.33,Clear,Low,Evening,Car,29,1.0,51,30-60
168,4.14,Rainy,Low,Morning,Bike,23,2.0,41,30-60
498,2.02,Clear,High,Evening,Bike,28,5.0,44,30-60
877,14.46,Rainy,Medium,Morning,Scooter,11,9.0,68,60-90
598,3.86,Clear,Medium,Afternoon,Bike,21,8.0,34,30-60
757,12.59,Windy,Medium,Morning,Bike,13,9.0,62,60-90
101,1.11,Clear,High,Morning,Scooter,22,8.0,35,30-60
427,9.11,Clear,Low,Afternoon,Bike,19,6.0,42,30-60
179,18.77,Snowy,Medium,Evening,Bike,24,0.0,115,>90
445,16.35,Foggy,Medium,Night,Bike,16,6.0,67,60-90
417,6.22,Clear,Low,Afternoon,Bike,16,9.0,29,<30
871,7.78,Foggy,High,Afternoon,Bike,25,3.0,74,60-90
883,0.88,Rainy,Low,Night,Car,27,2.0,37,30-60
681,16.43,Clear,Low,Evening,Bike,13,5.0,56,30-60
178,8.04,Clear,Medium,Evening,Car,27,0.0,65,60-90
396,18.65,Foggy,Low,Night,Car,19,2.0,68,60-90
912,5.73,Foggy,Low,Morning,Scooter,7,2.0,30,<30
794,12.42,Rainy,Low,Evening,Bike,28,9.0,79,60-90
961,2.11,Clear,Low,Afternoon,Scooter,28,5.0,34,30-60
685,18.62,Clear,Low,Evening,Scooter,27,6.0,75,60-90
384,17.61,Clear,Medium,Morning,Scooter,19,3.0,80,60-90
957,10.62,Rainy,Medium,Night,Bike,7,2.0,48,30-60
752,18.83,Clear,Medium,Night,Bike,8,0.0,68,60-90
258,14.07,Clear,Medium,Morning,Bike,16,9.0,73,60-90
539,9.29,Clear,Medium,Evening,Bike,10,9.0,40,30-60
336,1.29,Rainy,Low,Evening,Bike,7,7.0,15,<30
16,4.08,Windy,Medium,Afternoon,Bike,7,0.0,33,30-60
325,19.12,Windy,High,Evening,Car,8,0.0,92,>90
759,17.93,Clear,Medium,Afternoon,Bike,29,4.0,85,60-90
223,2.33,Clear,Low,Morning,Car,6,1.0,17,<30
180,3.18,Rainy,Medium,Evening,Bike,21,3.0,42,30-60
984,1.97,Clear,High,Morning,Car,28,7.0,43,30-60
23,6.2,Windy,High,Evening,Scooter,7,3.0,42,30-60
357,1.02,Windy,High,Evening,Bike,6,8.0,21,<30
667,5.3,Clear,Low,Evening,Bike,16,5.0,32,30-60
862,9.34,Rainy,Low,Evening,Car,10,0.0,40,30-60
341,10.09,Clear,Medium,Evening,Bike,7,0.0,49,30-60
432,15.35,Rainy,High,Night,Scooter,23,9.0,80,60-90
552,17.12,Rainy,Low,Morning,Bike,26,3.0,86,60-90
834,3.94,Snowy,Low,Afternoon,Bike,19,3.0,43,30-60
204,18.02,Clear,Medium,Evening,Car,12,3.0,77,60-90
631,14.41,Snowy,Medium,Evening,Bike,8,8.0,75,60-90
94,11.44,Rainy,Medium,Evening,Car,20,2.0,57,30-60
559,15.23,Foggy,Low,Morning,Car,6,0.0,52,30-60
69,1.95,Clear,Low,Morning,Scooter,16,2.0,23,<30
623,7.72,Rainy,Medium,Morning,Bike,11,5.0,36,30-60
285,11.78,Clear,Low,Afternoon,Scooter,26,3.0,71,60-90
845,3.4,Windy,Medium,Morning,Bike,11,6.0,30,<30
435,2.14,Clear,High,Evening,Bike,18,3.0,34,30-60
154,10.04,Rainy,High,Afternoon,Bike,12,9.0,59,30-60
76,14.72,Clear,Medium,Evening,Scooter,15,8.0,80,60-90
731,3.7,Clear,Medium,Morning,Bike,28,7.0,45,30-60
447,19.73,Rainy,Low,Evening,Bike,8,8.0,64,60-90
189,10.83,Clear,Medium,Evening,Scooter,8,9.0,51,30-60
272,16.3,Foggy,Low,Morning,Car,12,1.0,100,>90
237,5.98,Foggy,High,Morning,Bike,14,6.0,44,30-60
488,5.98,Rainy,High,Morning,Bike,21,2.0,60,30-60
118,4.14,Foggy,Medium,Morning,Bike,21,0.0,46,30-60
944,16.68,Clear,Medium,Afternoon,Bike,9,9.0,63,60-90
513,18.69,Windy,Medium,Night,Bike,23,9.0,74,60-90
826,18.44,Rainy,High,Morning,Bike,27,7.0,80,60-90
592,13.0,Windy,High,Morning,Bike,22,8.0,65,60-90
127,16.45,Clear,Medium,Evening,Scooter,25,3.0,87,60-90
117,16.17,Clear,Medium,Evening,Car,10,2.0,116,>90
474,17.88,Clear,Medium,Evening,Bike,29,3.0,98,>90
694,5.23,Clear,Medium,Morning,Scooter,19,4.0,37,30-60
58,4.32,Clear,Medium,Morning,Bike,17,4.0,36,30-60
864,9.09,Rainy,Medium,Morning,Bike,6,7.0,43,30-60
913,12.67,Windy,Medium,Morning,Scooter,7,3.0,43,30-60
370,1.85,Clear,Medium,Evening,Bike,10,1.0,24,<30
269,7.51,Rainy,Low,Evening,Car,27,6.0,50,30-60
47,6.58,Clear,Low,Afternoon,Bike,13,1.0,34,30-60
350,12.7,Clear,Low,Morning,Scooter,22,2.0,57,30-60
196,7.31,Foggy,Medium,Afternoon,Bike,26,2.0,65,60-90
1000,9.2,Clear,High,Morning,Scooter,9,9.0,48,30-60
835,10.22,Foggy,Low,Afternoon,Scooter,21,0.0,61,60-90
737,8.15,Clear,High,Evening,Scooter,12,9.0,43,30-60
264,10.61,Clear,Medium,Morning,Bike,17,0.0,59,30-60
444,7.73,Clear,High,Night,Bike,29,5.0,58,30-60
676,19.66,Clear,Low,Morning,Car,19,6.0,70,60-90
305,14.66,Snowy,High,Morning,Car,5,6.0,71,60-90
342,9.73,Clear,Low,Afternoon,Bike,29,6.0,60,30-60
967,14.52,Clear,Medium,Afternoon,Car,26,5.0,86,60-90
150,5.93,Foggy,High,Morning,Scooter,27,1.0,106,>90
125,4.94,Rainy,High,Evening,Scooter,28,4.0,63,60-90
787,11.88,Rainy,High,Afternoon,Car,29,9.0,78,60-90
51,19.41,Foggy,Medium,Morning,Car,7,6.0,66,60-90
354,3.68,Clear,High,Afternoon,Car,16,6.0,47,30-60
928,11.06,Clear,High,Evening,Bike,6,9.0,53,30-60
143,10.2,Rainy,Medium,Afternoon,Bike,18,9.0,56,30-60
471,0.74,Rainy,Low,Morning,Car,13,4.0,21,<30
400,15.21,Snowy,Medium,Afternoon,Bike,20,9.0,90,60-90
626,7.69,Rainy,High,Morning,Scooter,16,3.0,58,30-60
321,11.21,Clear,High,Afternoon,Scooter,23,1.0,76,60-90
20,6.18,Clear,Medium,Evening,Bike,9,9.0,35,30-60
810,2.71,Clear,Medium,Morning,Car,6,5.0,19,<30
791,3.49,Clear,Medium,Morning,Bike,17,2.0,38,30-60
809,9.29,Clear,Medium,Morning,Bike,17,2.0,49,30-60
408,0.71,Foggy,Low,Night,Bike,29,1.0,41,30-60
538,5.32,Rainy,Low,Afternoon,Scooter,27,2.0,48,30-60
621,4.1,Clear,Medium,Evening,Car,18,3.0,38,30-60
39,13.84,Clear,Low,Morning,Scooter,18,5.0,64,60-90
176,3.9,Rainy,High,Morning,Car,25,9.0,54,30-60
246,18.6,Rainy,Medium,Morning,Car,28,9.0,77,60-90
829,14.88,Snowy,Medium,Evening,Bike,10,0.0,64,60-90
668,3.63,Windy,Medium,Morning,Car,22,9.0,39,30-60
755,3.22,Windy,High,Morning,Car,7,7.0,27,<30
859,11.51,Foggy,Low,Afternoon,Car,5,7.0,57,30-60
155,19.72,Rainy,Low,Afternoon,Bike,27,6.0,109,>90
288,11.08,Clear,Low,Evening,Scooter,28,2.0,58,30-60
603,3.95,Clear,Medium,Morning,Car,28,5.0,47,30-60
570,7.29,Clear,High,Evening,Car,11,7.0,48,30-60
744,10.3,Clear,Low,Morning,Car,12,7.0,41,30-60
18,10.73,Rainy,High,Afternoon,Car,27,6.0,83,60-90
128,17.28,Clear,Low,Morning,Car,28,3.0,72,60-90
323,13.37,Foggy,Medium,Evening,Scooter,16,9.0,71,60-90
256,11.36,Clear,Medium,Morning,Scooter,8,2.0,52,30-60
658,7.58,Clear,High,Afternoon,Scooter,19,9.0,57,30-60
965,6.13,Rainy,High,Morning,Bike,25,6.0,59,30-60
191,2.32,Clear,Low,Afternoon,Scooter,23,1.0,32,30-60
116,17.49,Rainy,Low,Evening,Bike,27,9.0,97,>90
617,1.69,Windy,Medium,Afternoon,Car,11,7.0,20,<30
607,4.52,Clear,Low,Evening,Car,17,0.0,71,60-90
181,7.15,Windy,Low,Morning,Bike,15,3.0,42,30-60
302,10.86,Windy,Medium,Morning,Car,10,4.0,60,30-60
760,15.88,Rainy,Low,Evening,Car,17,1.0,68,60-90
713,9.7,Snowy,Low,Evening,Bike,6,5.0,45,30-60
724,14.95,Clear,Medium,Morning,Bike,13,7.0,49,30-60
686,11.36,Foggy,Low,Afternoon,Bike,6,4.0,47,30-60
980,12.14,Foggy,High,Afternoon,Bike,12,0.0,65,60-90
518,16.31,Foggy,Medium,Afternoon,Car,14,7.0,71,60-90
985,14.7,Clear,Medium,Evening,Scooter,24,5.0,75,60-90
46,13.42,Rainy,Medium,Evening,Bike,6,6.0,105,>90
910,7.9,Clear,Low,Afternoon,Scooter,22,5.0,48,30-60
158,15.35,Foggy,Low,Morning,Car,5,3.0,56,30-60
852,15.12,Foggy,Low,Morning,Bike,14,1.0,58,30-60
172,0.82,Windy,Low,Morning,Car,18,9.0,23,<30
17,6.43,Clear,Low,Evening,Car,9,7.0,26,<30
512,8.66,Snowy,High,Morning,Bike,29,3.0,77,60-90
49,11.16,Foggy,Medium,Afternoon,Car,21,4.0,77,60-90
972,18.77,Foggy,Low,Afternoon,Car,15,5.0,71,60-90
941,5.84,Clear,Medium,Evening,Bike,21,7.0,35,30-60
516,1.01,Clear,High,Night,Bike,17,7.0,29,<30
953,3.92,Rainy,Medium,Night,Bike,20,9.0,41,30-60
481,12.77,Foggy,Low,Morning,Bike,22,8.0,71,60-90
284,2.33,Clear,Low,Evening,Bike,9,2.0,18,<30
719,2.92,Windy,High,Afternoon,Bike,24,4.0,48,30-60
878,13.35,Rainy,Low,Evening,Scooter,14,4.0,91,>90
226,5.26,Rainy,Medium,Evening,Scooter,28,8.0,51,30-60
27,4.39,Foggy,Medium,Night,Bike,12,8.0,38,30-60
955,8.67,Windy,High,Morning,Bike,20,4.0,55,30-60
438,16.53,Snowy,Low,Afternoon,Scooter,24,9.0,99,>90
952,13.47,Clear,Medium,Evening,Bike,19,4.0,59,30-60
365,18.86,Snowy,Medium,Night,Bike,18,1.0,89,60-90
230,12.81,Clear,Low,Morning,Bike,12,2.0,51,30-60
38,2.4,Snowy,Low,Night,Scooter,27,5.0,42,30-60
966,7.44,Rainy,Medium,Evening,Bike,6,1.0,39,30-60
375,1.89,Clear,Medium,Evening,Scooter,13,7.0,22,<30
470,19.28,Snowy,Medium,Morning,Car,21,3.0,101,>90
968,6.29,Clear,Medium,Morning,Scooter,10,7.0,27,<30
851,1.81,Clear,Medium,Afternoon,Car,23,3.0,34,30-60
705,1.74,Clear,Medium,Night,Bike,23,2.0,34,30-60
842,13.44,Clear,Medium,Morning,Car,22,1.0,79,60-90
195,7.11,Clear,Low,Afternoon,Scooter,27,5.0,48,30-60
855,4.5,Windy,Low,Evening,Scooter,20,6.0,32,30-60
865,8.31,Windy,Medium,Morning,Bike,6,5.0,44,30-60
504,16.37,Clear,High,Morning,Bike,26,7.0,97,>90
970,9.78,Clear,Medium,Afternoon,Bike,18,3.0,58,30-60
831,4.88,Windy,Medium,Afternoon,Scooter,26,7.0,48,30-60
580,5.54,Rainy,Medium,Morning,Scooter,28,9.0,51,30-60
969,11.54,Clear,High,Afternoon,Car,10,0.0,56,30-60
163,12.85,Clear,Low,Afternoon,Scooter,5,5.0,54,30-60
909,5.56,Clear,Low,Afternoon,Scooter,19,5.0,31,30-60
153,3.33,Clear,Medium,Evening,Scooter,24,2.0,44,30-60
802,3.47,Snowy,High,Night,Bike,24,9.0,53,30-60
994,12.01,Clear,Low,Morning,Scooter,26,6.0,57,30-60
756,15.98,Foggy,Low,Morning,Car,21,6.0,90,60-90
112,3.64,Clear,Low,Morning,Scooter,16,3.0,26,<30
227,19.47,Clear,Low,Morning,Bike,16,8.0,83,60-90
689,15.51,Rainy,Medium,Morning,Scooter,10,8.0,81,60-90
104,10.42,Windy,Medium,Afternoon,Bike,28,3.0,72,60-90
422,15.9,Rainy,Low,Evening,Car,19,5.0,78,60-90
420,15.17,Windy,Low,Morning,Bike,25,4.0,77,60-90
751,2.78,Rainy,Low,Morning,Bike,21,4.0,37,30-60
587,1.98,Rainy,Low,Afternoon,Bike,22,0.0,39,30-60
781,14.03,Clear,Low,Afternoon,Bike,17,2.0,65,60-90
673,2.06,Foggy,Medium,Evening,Scooter,22,4.0,40,30-60
120,11.02,Clear,High,Morning,Scooter,22,2.0,70,60-90
54,17.95,Snowy,High,Morning,Scooter,16,5.0,96,>90
152,5.17,Foggy,Low,Morning,Bike,29,0.0,56,30-60
404,16.62,Snowy,Low,Afternoon,Bike,26,8.0,94,>90
946,0.71,Rainy,Low,Morning,Car,25,8.0,31,30-60
208,13.44,Clear,Medium,Evening,Scooter,9,5.0,55,30-60
659,13.1,Clear,Low,Evening,Bike,28,2.0,72,60-90
844,19.24,Rainy,High,Afternoon,Bike,9,7.0,75,60-90
763,5.35,Clear,Medium,Afternoon,Scooter,24,6.0,43,30-60
9,12.22,Clear,Low,Evening,Scooter,15,0.0,56,30-60
808,18.55,Clear,Low,Afternoon,Car,11,9.0,69,60-90
37,6.44,Clear,Low,Afternoon,Car,18,2.0,43,30-60
453,8.77,Foggy,Medium,Evening,Car,14,7.0,49,30-60
652,10.97,Clear,Low,Afternoon,Scooter,27,3.0,51,30-60
254,6.68,Clear,High,Morning,Scooter,10,5.0,44,30-60
304,12.93,Rainy,Low,Afternoon,Scooter,25,0.0,61,60-90
747,7.99,Clear,Medium,Evening,Bike,18,4.0,42,30-60
572,15.78,Clear,High,Afternoon,Scooter,12,1.0,68,60-90
624,9.95,Windy,High,Evening,Scooter,21,5.0,72,60-90
733,13.47,Rainy,Low,Afternoon,Scooter,7,6.0,46,30-60
892,17.19,Clear,Medium,Afternoon,Bike,11,8.0,76,60-90
263,3.23,Clear,High,Afternoon,Bike,17,9.0,33,30-60
611,1.27,Foggy,High,Afternoon,Bike,25,9.0,46,30-60
298,4.71,Clear,Low,Morning,Bike,20,6.0,31,30-60
415,12.82,Rainy,Medium,Evening,Bike,28,9.0,72,60-90
151,18.21,Clear,Low,Evening,Bike,6,3.0,74,60-90
789,9.51,Clear,High,Morning,Bike,26,9.0,63,60-90
641,0.89,Rainy,Low,Morning,Car,9,0.0,20,<30
890,5.24,Windy,High,Afternoon,Scooter,26,8.0,51,30-60
551,10.64,Windy,Low,Evening,Car,11,9.0,36,30-60
887,13.23,Clear,Medium,Night,Bike,20,8.0,70,60-90
489,19.03,Clear,Medium,Morning,Scooter,8,8.0,65,60-90
148,10.3,Rainy,Low,Evening,Bike,29,0.0,73,60-90
147,12.39,Snowy,Medium,Evening,Bike,14,8.0,56,30-60
721,18.8,Clear,High,Afternoon,Bike,23,7.0,95,>90
932,16.78,Rainy,Medium,Morning,Bike,22,1.0,70,60-90
740,7.85,Clear,Low,Afternoon,Scooter,7,9.0,34,30-60
660,11.63,Clear,Medium,Night,Scooter,29,7.0,57,30-60
349,7.8,Windy,Medium,Afternoon,Car,17,6.0,44,30-60
464,11.88,Rainy,Medium,Afternoon,Bike,5,1.0,63,60-90
326,14.89,Clear,High,Evening,Car,22,9.0,88,60-90
187,16.44,Rainy,High,Afternoon,Bike,12,5.0,86,60-90
124,2.65,Clear,Medium,Afternoon,Car,14,4.0,35,30-60
854,18.01,Foggy,High,Night,Bike,14,2.0,71,60-90
609,10.32,Clear,Medium,Night,Car,24,5.0,49,30-60
144,6.37,Rainy,Low,Afternoon,Car,29,4.0,56,30-60
959,3.74,Rainy,Low,Morning,Bike,19,6.0,36,30-60
198,17.99,Windy,High,Evening,Bike,5,1.0,73,60-90
610,13.96,Rainy,Low,Night,Bike,5,1.0,42,30-60
280,16.02,Clear,Low,Evening,Bike,20,7.0,61,60-90
294,7.52,Clear,Medium,Afternoon,Car,17,9.0,44,30-60
401,2.51,Clear,Low,Morning,Bike,16,2.0,28,<30
123,6.7,Foggy,High,Morning,Scooter,23,3.0,59,30-60
184,17.61,Windy,Low,Morning,Bike,5,8.0,61,60-90
203,3.65,Clear,Medium,Morning,Bike,29,9.0,46,30-60
439,14.27,Clear,Medium,Night,Car,24,3.0,77,60-90
247,8.85,Clear,Low,Afternoon,Bike,11,9.0,45,30-60
416,9.24,Windy,Medium,Afternoon,Bike,8,2.0,49,30-60
933,19.7,Rainy,Low,Evening,Car,16,6.0,66,60-90
766,11.61,Clear,High,Morning,Car,19,1.0,67,60-90
907,16.44,Windy,High,Afternoon,Car,8,0.0,80,60-90
836,8.67,Rainy,High,Afternoon,Bike,12,7.0,104,>90
888,5.14,Clear,Medium,Evening,Scooter,23,7.0,43,30-60
130,10.46,Clear,Medium,Evening,Bike,25,3.0,68,60-90
638,5.23,Clear,Medium,Morning,Scooter,23,2.0,47,30-60
403,10.35,Clear,Medium,Night,Bike,7,9.0,48,30-60
785,4.04,Rainy,High,Evening,Bike,14,6.0,39,30-60
771,2.66,Clear,Low,Afternoon,Bike,16,8.0,21,<30
736,17.61,Foggy,Medium,Afternoon,Bike,9,5.0,74,60-90
914,8.48,Clear,High,Night,Bike,11,5.0,39,30-60
220,17.06,Clear,Low,Evening,Bike,9,9.0,66,60-90
642,6.78,Foggy,Low,Night,Bike,18,6.0,42,30-60
916,9.0,Snowy,Medium,Afternoon,Car,29,3.0,78,60-90
753,12.74,Clear,Low,Afternoon,Scooter,12,0.0,63,60-90
807,18.72,Rainy,Medium,Afternoon,Bike,17,0.0,89,60-90
920,3.23,Clear,Low,Morning,Bike,7,7.0,14,<30
625,12.56,Clear,Low,Morning,Car,22,8.0,49,30-60
875,1.0,Snowy,Medium,Morning,Bike,28,0.0,51,30-60
761,3.46,Clear,Low,Morning,Bike,24,6.0,37,30-60
387,6.0,Snowy,Low,Morning,Car,20,8.0,53,30-60
973,14.79,Clear,Medium,Morning,Scooter,12,9.0,64,60-90
510,14.65,Snowy,High,Morning,Car,19,3.0,95,>90
268,14.2,Clear,Medium,Afternoon,Bike,17,1.0,73,60-90
820,7.04,Clear,Low,Afternoon,Bike,11,8.0,38,30-60
442,19.74,Clear,Medium,Afternoon,Car,16,1.0,98,>90
497,11.88,Rainy,Medium,Evening,Bike,20,8.0,69,60-90
113,18.63,Clear,Low,Evening,Bike,26,8.0,75,60-90
692,8.8,Rainy,Medium,Afternoon,Bike,6,2.0,38,30-60
233,11.75,Clear,High,Morning,Bike,9,2.0,55,30-60
870,18.95,Snowy,Low,Morning,Car,27,0.0,92,>90
608,7.6,Foggy,Low,Morning,Bike,16,4.0,48,30-60
672,17.99,Foggy,Low,Morning,Car,11,2.0,84,60-90
374,13.82,Clear,Medium,Evening,Bike,21,9.0,72,60-90
982,15.53,Foggy,Low,Evening,Bike,26,7.0,68,60-90
843,3.97,Clear,High,Afternoon,Bike,19,8.0,40,30-60
234,10.1,Clear,High,Morning,Car,17,6.0,55,30-60
786,18.21,Foggy,Low,Morning,Bike,5,1.0,70,60-90
677,2.68,Clear,Low,Morning,Bike,16,8.0,25,<30
318,3.88,Snowy,Low,Morning,Bike,9,6.0,33,30-60
649,15.89,Snowy,Medium,Afternoon,Car,15,9.0,91,>90
411,6.73,Clear,Medium,Afternoon,Bike,21,1.0,54,30-60
899,0.75,Clear,Medium,Afternoon,Bike,10,5.0,16,<30
710,13.79,Rainy,Low,Night,Scooter,11,0.0,69,60-90
359,18.83,Clear,Medium,Evening,Scooter,5,8.0,69,60-90
259,11.62,Clear,Low,Afternoon,Bike,9,8.0,33,30-60
745,5.03,Clear,Medium,Morning,Bike,17,5.0,38,30-60
628,15.08,Rainy,Medium,Evening,Scooter,26,1.0,94,>90
633,10.48,Rainy,Low,Afternoon,Car,10,7.0,45,30-60
283,7.82,Rainy,Medium,Evening,Bike,16,8.0,45,30-60
377,16.98,Clear,Low,Morning,Bike,11,6.0,78,60-90
385,14.83,Rainy,Low,Morning,Car,19,4.0,116,
225,5.67,Clear,Low,Morning,Scooter,11,9.0,27,<30
954,18.33,Snowy,Medium,Morning,Scooter,5,5.0,67,60-90
815,17.46,Clear,Medium,Morning,Scooter,6,5.0,62,60-90
473,1.34,Foggy,High,Evening,Bike,9,5.0,30,<30
348,1.38,Clear,Low,Morning,Scooter,13,9.0,17,<30
506,3.67,Clear,Low,Morning,Bike,9,0.0,26,<30
640,7.86,Windy,Medium,Morning,Car,22,2.0,55,30-60
988,8.98,Clear,Medium,Afternoon,Scooter,22,8.0,105,>90
929,12.85,Rainy,Medium,Evening,Scooter,6,7.0,61,60-90
906,17.91,Clear,Low,Afternoon,Bike,6,7.0,68,60-90
620,15.09,Snowy,Low,Morning,Car,20,7.0,68,60-90
856,4.22,Clear,Medium,Morning,Bike,16,7.0,35,30-60
804,12.33,Clear,High,Night,Bike,7,2.0,101,>90
646,17.87,Snowy,Low,Morning,Scooter,29,4.0,87,60-90
847,2.16,Clear,Medium,Night,Car,10,1.0,23,<30
557,3.11,Rainy,Medium,Morning,Scooter,21,1.0,43,30-60
958,1.42,Clear,High,Afternoon,Scooter,24,2.0,40,30-60
578,18.57,Rainy,Medium,Afternoon,Bike,16,7.0,89,60-90
796,17.51,Clear,Medium,Evening,Bike,15,3.0,60,30-60
86,6.84,Clear,Medium,Evening,Bike,25,1.0,51,30-60
243,18.34,Snowy,Medium,Afternoon,Scooter,22,5.0,91,>90
699,3.51,Windy,Medium,Night,Bike,22,2.0,44,30-60
160,14.7,Clear,Medium,Morning,Scooter,6,2.0,58,30-60
525,16.85,Clear,High,Morning,Car,17,4.0,71,60-90
36,16.26,Rainy,Low,Morning,Car,27,5.0,66,60-90
541,19.1,Snowy,Medium,Morning,Bike,25,6.0,90,60-90
171,13.71,Rainy,Medium,Evening,Bike,22,9.0,64,60-90
655,8.92,Clear,Medium,Morning,Bike,10,1.0,51,30-60
891,14.58,Clear,Low,Evening,Bike,23,0.0,70,60-90
858,9.71,Clear,Low,Afternoon,Car,27,5.0,61,60-90
848,19.94,Clear,Low,Afternoon,Bike,26,6.0,83,60-90
945,4.53,Snowy,Medium,Morning,Scooter,18,4.0,49,30-60
734,10.7,Clear,High,Afternoon,Car,8,4.0,57,30-60
96,10.13,Clear,Medium,Evening,Bike,22,0.0,65,60-90
564,0.78,Clear,Low,Afternoon,Bike,11,0.0,18,<30
241,18.84,Foggy,Medium,Afternoon,Scooter,25,8.0,88,60-90
743,15.08,Snowy,Low,Evening,Bike,29,7.0,84,60-90
575,17.32,Clear,Low,Evening,Scooter,10,3.0,77,60-90
691,6.81,Clear,Medium,Evening,Bike,23,2.0,47,30-60
461,2.79,Clear,High,Morning,Bike,23,7.0,38,30-60
554,11.44,Foggy,High,Afternoon,Car,14,4.0,74,60-90
889,2.44,Snowy,High,Evening,Bike,13,9.0,39,30-60
207,2.48,Rainy,Low,Evening,Scooter,20,8.0,30,<30
393,7.75,Clear,Medium,Evening,Scooter,21,1.0,55,30-60
795,0.85,Clear,Medium,Morning,Bike,9,8.0,17,<30
398,8.87,Clear,Low,Evening,Bike,19,3.0,55,30-60
767,15.37,Snowy,Medium,Afternoon,Car,15,5.0,66,60-90
849,10.29,Foggy,Medium,Evening,Scooter,25,4.0,67,60-90
218,15.06,Rainy,Low,Morning,Bike,22,4.0,65,60-90
5,3.54,Foggy,Low,Morning,Bike,23,7.0,37,30-60
769,7.17,Clear,Medium,Morning,Scooter,7,9.0,29,<30
643,4.62,Rainy,Medium,Afternoon,Car,8,3.0,33,30-60
930,5.53,Clear,Low,Morning,Car,10,8.0,27,<30
613,12.74,Rainy,Low,Afternoon,Bike,17,9.0,63,60-90
739,9.06,Clear,High,Evening,Bike,26,3.0,61,60-90
547,2.71,Foggy,Low,Morning,Bike,6,0.0,28,<30
726,16.92,Clear,Low,Night,Bike,23,5.0,78,60-90
684,13.54,Foggy,Low,Morning,Bike,11,1.0,54,30-60
99,1.0,Snowy,Medium,Morning,Bike,25,4.0,44,30-60
805,8.77,Clear,Medium,Morning,Car,12,2.0,42,30-60
728,16.01,Windy,Low,Morning,Car,28,0.0,84,60-90
574,12.63,Foggy,Medium,Night,Scooter,8,8.0,49,30-60
407,8.09,Foggy,Low,Evening,Car,22,2.0,56,30-60
503,6.54,Clear,Medium,Night,Bike,10,7.0,39,30-60
48,10.64,Clear,Medium,Afternoon,Scooter,14,5.0,45,30-60
33,1.77,Clear,Medium,Evening,Bike,14,9.0,22,<30
780,13.0,Foggy,Low,Evening,Bike,25,7.0,77,60-90
840,12.83,Clear,Low,Evening,Bike,5,8.0,50,30-60
201,13.02,Snowy,High,Afternoon,Car,6,9.0,65,60-90
135,18.89,Rainy,Medium,Morning,Scooter,22,1.0,74,60-90
28,10.53,Foggy,High,Evening,Bike,25,8.0,72,60-90
881,5.01,Rainy,Low,Afternoon,Bike,10,5.0,31,30-60
231,16.0,Foggy,Medium,Afternoon,Scooter,13,3.0,65,60-90
490,17.86,Clear,Low,Afternoon,Scooter,16,8.0,83,60-90
773,2.99,Foggy,High,Afternoon,Bike,9,5.0,90,60-90
379,16.38,Clear,Medium,Morning,Bike,6,2.0,51,30-60
289,6.09,Clear,Medium,Night,Bike,7,4.0,27,<30
419,13.61,Clear,Low,Morning,Bike,26,0.0,66,60-90
675,8.5,Snowy,High,Evening,Bike,14,7.0,56,30-60
392,8.55,Clear,Low,Evening,Scooter,28,8.0,46,30-60
593,4.05,Clear,Medium,Afternoon,Scooter,21,5.0,39,30-60
499,19.5,Clear,High,Morning,Bike,18,2.0,73,60-90
139,7.59,Clear,Medium,Afternoon,Scooter,16,3.0,37,30-60
63,16.66,Snowy,High,Afternoon,Scooter,29,7.0,95,>90
472,19.41,Snowy,High,Evening,Car,21,3.0,100,>90
648,13.74,Foggy,Medium,Afternoon,Bike,6,1.0,56,30-60
129,0.64,Clear,High,Night,Bike,10,3.0,24,<30
977,12.1,Clear,High,Afternoon,Bike,11,0.0,53,30-60
521,12.09,Clear,Medium,Morning,Car,13,1.0,60,30-60
839,11.82,Windy,Medium,Night,Bike,24,7.0,77,60-90
963,5.28,Foggy,Low,Morning,Bike,27,6.0,53,30-60
65,5.98,Clear,Low,Evening,Car,22,9.0,35,30-60
813,2.93,Clear,Medium,Morning,Bike,24,8.0,94,>90
15,4.05,Snowy,Medium,Evening,Scooter,19,2.0,50,30-60
157,13.61,Clear,Low,Morning,Scooter,12,2.0,43,30-60
41,2.88,Rainy,Medium,Morning,Car,16,4.0,41,30-60
493,5.91,Clear,Medium,Evening,Scooter,29,4.0,57,30-60
380,6.0,Rainy,Medium,Evening,Scooter,21,2.0,47,30-60
188,11.33,Clear,Medium,Afternoon,Scooter,29,7.0,77,60-90
764,15.01,Clear,Medium,Morning,Bike,15,6.0,64,60-90
217,6.85,Clear,High,Morning,Bike,16,5.0,48,30-60
792,11.93,Snowy,High,Morning,Car,7,1.0,75,60-90
53,18.82,Windy,Low,Morning,Car,5,3.0,77,60-90
879,1.03,Clear,Medium,Afternoon,Bike,19,4.0,29,<30
338,14.22,Rainy,Medium,Evening,Car,25,8.0,84,60-90
749,18.18,Snowy,High,Morning,Bike,17,3.0,85,60-90
720,14.75,Clear,Low,Morning,Car,10,7.0,62,60-90
725,11.7,Rainy,Low,Afternoon,Bike,17,5.0,60,30-60
296,10.68,Clear,Low,Morning,Bike,14,1.0,42,30-60
702,1.51,Clear,High,Evening,Bike,26,1.0,44,30-60
252,8.01,Clear,High,Morning,Bike,8,6.0,48,30-60
727,3.23,Rainy,Low,Morning,Car,25,7.0,42,30-60
462,13.16,Rainy,High,Morning,Scooter,25,8.0,68,60-90
456,10.11,Windy,Low,Morning,Bike,11,4.0,44,30-60
997,18.39,Windy,Low,Afternoon,Bike,24,6.0,74,60-90
816,10.62,Windy,Medium,Afternoon,Car,22,5.0,54,30-60
863,10.73,Clear,Medium,Afternoon,Bike,7,5.0,57,30-60
270,6.23,Clear,Medium,Evening,Car,20,1.0,51,30-60
202,2.14,Clear,Low,Afternoon,Bike,25,1.0,36,30-60
162,12.83,Clear,Medium,Morning,Bike,19,2.0,76,60-90
556,8.37,Clear,High,Evening,Scooter,13,7.0,42,30-60
730,3.69,Rainy,Medium,Afternoon,Bike,8,8.0,27,<30
402,18.1,Clear,Low,Morning,Scooter,8,5.0,77,60-90
703,7.06,Clear,Low,Afternoon,Scooter,26,5.0,51,30-60
477,1.94,Foggy,Low,Night,Bike,10,1.0,25,<30
822,0.59,Clear,Low,Afternoon,Bike,21,0.0,27,<30
772,17.01,Snowy,Low,Night,Bike,28,6.0,97,>90
106,5.36,Clear,Low,Afternoon,Scooter,11,4.0,30,<30
566,12.0,Clear,Low,Evening,Car,25,0.0,75,60-90
390,16.23,Clear,Medium,Evening,Bike,6,0.0,54,30-60
2,19.04,Rainy,Low,Evening,Car,12,6.0,60,30-60
938,18.33,Foggy,Medium,Morning,Scooter,19,0.0,98,>90
983,2.58,Clear,Medium,Morning,Scooter,25,7.0,37,30-60
562,4.65,Clear,Medium,Evening,Bike,21,1.0,46,30-60
81,17.33,Snowy,Low,Evening,Scooter,12,3.0,79,60-90
206,0.68,Snowy,High,Evening,Bike,29,8.0,50,30-60
35,19.33,Clear,Medium,Morning,Bike,7,8.0,73,60-90
776,3.42,Clear,Medium,Night,Car,11,9.0,24,<30
509,19.02,Rainy,High,Evening,Scooter,22,1.0,106,>90
428,17.81,Windy,High,Evening,Bike,21,4.0,116,
455,2.67,Clear,Medium,Night,Car,17,6.0,28,<30
367,19.24,Snowy,Low,Morning,Bike,26,1.0,114,>90
92,14.41,Rainy,Medium,Night,Bike,16,6.0,85,60-90
340,2.41,Clear,Medium,Evening,Bike,15,9.0,25,<30
898,17.98,Clear,Low,Evening,Bike,5,8.0,45,30-60
565,7.34,Foggy,Medium,Afternoon,Bike,22,5.0,93,>90
346,12.51,Clear,Medium,Evening,Bike,18,5.0,62,60-90
777,4.97,Rainy,Low,Evening,Bike,17,9.0,34,30-60
242,19.1,Snowy,Low,Afternoon,Bike,18,1.0,101,>90
14,4.64,Clear,Low,Afternoon,Bike,15,9.0,24,<30
316,14.07,Rainy,Low,Evening,Bike,10,5.0,63,60-90
601,3.79,Clear,Medium,Morning,Bike,13,2.0,34,30-60
388,3.96,Clear,Medium,Afternoon,Bike,23,5.0,44,30-60
274,18.31,Clear,Medium,Afternoon,Bike,25,3.0,79,60-90
167,6.76,Foggy,Medium,Night,Bike,7,6.0,42,30-60
841,0.76,Clear,Low,Afternoon,Car,26,9.0,28,<30
993,5.81,Rainy,Medium,Evening,Bike,14,8.0,41,30-60
647,12.08,Clear,High,Afternoon,Scooter,16,4.0,60,30-60
819,1.57,Rainy,Low,Evening,Car,16,1.0,30,<30
485,11.89,Clear,Medium,Afternoon,Bike,28,0.0,79,60-90
981,7.02,Clear,Medium,Evening,Car,23,2.0,53,30-60
505,13.85,Clear,Low,Evening,Bike,29,5.0,71,60-90
832,9.32,Rainy,Medium,Evening,Scooter,24,2.0,71,60-90
244,7.72,Foggy,High,Evening,Bike,19,4.0,64,60-90
567,8.15,Rainy,Low,Afternoon,Bike,26,2.0,50,30-60
876,3.54,Rainy,Medium,Afternoon,Scooter,17,4.0,41,30-60
563,3.16,Snowy,Low,Morning,Car,9,5.0,27,<30
687,11.65,Windy,Low,Night,Bike,10,3.0,53,30-60
190,5.22,Snowy,Medium,Morning,Scooter,14,3.0,43,30-60
783,5.41,Clear,High,Morning,Scooter,17,6.0,38,30-60
700,9.88,Rainy,Medium,Morning,Car,7,0.0,43,30-60
476,19.86,Rainy,High,Evening,Bike,12,8.0,71,60-90
682,5.53,Windy,High,Morning,Bike,23,4.0,59,30-60
511,12.46,Foggy,Low,Afternoon,Bike,10,1.0,62,60-90
59,1.38,Clear,Medium,Morning,Car,6,3.0,17,<30
475,10.79,Clear,Medium,Evening,Scooter,24,1.0,65,60-90
561,14.23,Clear,Medium,Afternoon,Scooter,23,7.0,70,60-90
857,1.21,Snowy,Low,Afternoon,Bike,22,1.0,39,30-60
748,11.1,Clear,Low,Afternoon,Bike,18,7.0,56,30-60
253,17.1,Clear,Medium,Evening,Bike,25,5.0,65,60-90
22,3.22,Clear,Medium,Afternoon,Bike,19,9.0,32,30-60
314,19.27,Foggy,Medium,Morning,Car,29,9.0,85,60-90
460,2.82,Rainy,Medium,Evening,Scooter,10,1.0,29,<30
161,7.67,Foggy,Medium,Afternoon,Scooter,22,8.0,59,30-60
277,16.07,Clear,Medium,Evening,Bike,16,5.0,64,60-90
956,7.97,Windy,Medium,Evening,Scooter,9,8.0,35,30-60
192,18.0,Rainy,High,Night,Car,22,5.0,98,>90
386,16.17,Clear,Medium,Evening,Scooter,12,2.0,78,60-90
806,14.86,Clear,High,Night,Scooter,15,4.0,91,>90
414,11.68,Clear,Medium,Afternoon,Scooter,25,7.0,70,60-90
492,12.59,Clear,Low,Evening,Scooter,10,2.0,39,30-60
344,8.96,Snowy,Medium,Morning,Car,6,5.0,51,30-60
770,16.51,Clear,Medium,Morning,Bike,7,1.0,79,60-90
309,16.01,Clear,Low,Afternoon,Car,12,4.0,72,60-90
662,19.74,Rainy,High,Afternoon,Scooter,11,7.0,81,60-90
131,8.64,Snowy,Low,Evening,Bike,29,4.0,62,60-90
664,5.13,Clear,Medium,Morning,Car,16,1.0,38,30-60
872,5.78,Clear,High,Morning,Bike,11,5.0,38,30-60
100,2.6,Clear,Low,Afternoon,Bike,16,1.0,29,<30
373,2.34,Foggy,Medium,Morning,Bike,8,2.0,28,<30
88,12.93,Clear,Medium,Morning,Scooter,20,8.0,58,30-60
459,1.6,Clear,Medium,Evening,Bike,14,8.0,24,<30
331,7.44,Rainy,Low,Evening,Bike,27,5.0,53,30-60
215,14.39,Rainy,Medium,Morning,Scooter,6,5.0,50,30-60
467,6.07,Clear,Low,Afternoon,Bike,18,4.0,35,30-60
122,17.97,Windy,Medium,Morning,Scooter,28,7.0,92,>90
615,17.53,Clear,Low,Afternoon,Bike,14,6.0,79,60-90
21,12.43,Rainy,High,Morning,Bike,13,6.0,70,60-90
701,10.89,Windy,Medium,Evening,Bike,7,0.0,58,30-60
72,4.37,Clear,Medium,Evening,Scooter,6,7.0,25,<30
107,8.5,Clear,High,Evening,Car,13,3.0,54,30-60
271,16.28,Rainy,Low,Morning,Scooter,8,9.0,71,60-90
861,15.62,Snowy,High,Evening,Scooter,26,2.0,81,60-90
436,14.17,Clear,Low,Afternoon,Bike,8,0.0,55,30-60
103,6.63,Foggy,Low,Night,Scooter,24,3.0,58,30-60
